Rank,Name,Platform,Year,Genre,Publisher,NA_Sales,EU_Sales,JP_Sales,Other_Sales,Global_Sales
129,Assassin's Creed III,PS3,2012,Action,Ubisoft,2.64,2.56,0.16,1.14,6.5
157,Assassin's Creed II,PS3,2009,Action,Ubisoft,2.54,1.95,0.21,0.87,5.57
158,Super Smash Bros.,N64,1999,Fighting,Nintendo,2.95,0.6,1.97,0.04,5.55
159,Assassin's Creed,X360,2007,Adventure,Ubisoft,3.28,1.65,0.07,0.55,5.55
173,Assassin's Creed III,X360,2012,Action,Ubisoft,3.13,1.71,0.03,0.44,5.3
174,Final Fantasy IX,PS,2000,Role-Playing,SquareSoft,1.62,0.77,2.78,0.14,5.3
175,Final Fantasy X-2,PS2,2003,Role-Playing,Electronic Arts,1.92,1.08,2.11,0.17,5.29
176,Donkey Kong 64,N64,1999,Platform,Nintendo,3.33,0.79,1.09,0.06,5.27
177,Assassin's Creed II,X360,2009,Action,Ubisoft,3.1,1.56,0.08,0.51,5.27
274,Assassin's Creed: Revelations,X360,2011,Action,Ubisoft,2.25,1.47,0.04,0.43,4.19
305,Assassin's Creed: Unity,PS4,2014,Action,Ubisoft,1.18,1.96,0.08,0.7,3.92
306,Donkey Kong Land,GB,1994,Platform,Nintendo,1.97,0.76,1.07,0.11,3.91
307,Tony Hawk's Underground,PS2,2003,Sports,Activision,2.29,1.17,0.01,0.42,3.9
308,Assassin's Creed IV: Black Flag,PS3,2013,Action,Ubisoft,1.33,1.71,0.13,0.73,3.89
374,Assassin's Creed: Brotherhood,X360,2010,Action,Ubisoft,2.84,0.39,0.03,0.24,3.5
375,Kung Fu,NES,1985,Action,Nintendo,1.64,0.38,1.42,0.06,3.5
376,Batman: Arkham Asylum,X360,2009,Action,Eidos Interactive,2.2,0.97,0.02,0.31,3.5
377,Clubhouse Games,DS,2006,Misc,Nintendo,0.59,1.83,0.73,0.35,3.5
378,FIFA Soccer 2004,PS2,N/A,Sports,Electronic Arts,0.59,2.36,0.04,0.51,3.49
379,Star Wars Battlefront (2015),XOne,2015,Shooter,Electronic Arts,1.94,1.22,0.02,0.31,3.49
380,Battlefield: Bad Company 2,X360,2010,Shooter,Electronic Arts,2.09,1.02,0.04,0.32,3.48
381,Guitar Hero: On Tour,DS,2008,Misc,Activision,2.11,1.01,0.01,0.35,3.48
382,Assassin's Creed: Unity,XOne,2014,Action,Ubisoft,2.26,0.89,0,0.3,3.46
402,Assassin's Creed IV: Black Flag,X360,2013,Action,Ubisoft,1.9,1.14,0.01,0.29,3.34
403,English Training: Have Fun Improving Your Skills!,DS,2006,Misc,Nintendo,0,0.99,2.32,0.02,3.33
404,James Bond 007: Nightfire,PS2,2002,Shooter,Electronic Arts,1.45,1.29,0.12,0.46,3.33
405,Ratchet & Clank,PS2,2002,Platform,Sony Computer Entertainment,1.44,1.01,0.57,0.3,3.33
406,Mario Party 9,Wii,2012,Misc,Nintendo,1.15,1.17,0.76,0.24,3.32
407,Star Wars Episode III: Revenge of the Sith,PS2,2005,Action,LucasArts,1.47,1.39,0.03,0.43,3.32
408,Max Payne,PS2,2001,Shooter,Take-Two Interactive,1.99,1.05,0.05,0.22,3.31
409,The Lord of the Rings: The Return of the King,PS2,2003,Action,Electronic Arts,1.5,1.28,0.05,0.46,3.28
410,Assassin's Creed Syndicate,PS4,2015,Action,Ubisoft,0.8,1.92,0.06,0.5,3.28
482,Kirby Super Star Ultra,DS,2008,Platform,Nintendo,1.57,0.04,1.19,0.15,2.96
483,Hitman 2: Silent Assassin,PS2,2002,Action,Eidos Interactive,1.36,1.15,0.04,0.41,2.96
484,Street Fighter IV,X360,2009,Fighting,Capcom,1.82,0.71,0.15,0.26,2.95
485,Wave Race 64,N64,1996,Racing,Nintendo,1.98,0.58,0.34,0.04,2.94
486,SOCOM II: U.S. Navy SEALs,PS2,2003,Shooter,Sony Computer Entertainment,2.22,0.51,0.06,0.15,2.94
487,WWE SmackDown! vs. RAW 2006,PS2,2005,Fighting,THQ,1.45,1.11,0.04,0.33,2.94
488,inFAMOUS,PS3,2009,Action,Sony Computer Entertainment,1.76,0.69,0.12,0.37,2.94
489,Pac-Man Collection,GBA,2001,Puzzle,Atari,2.07,0.77,0.05,0.05,2.94
490,Mass Effect,X360,2007,Role-Playing,Microsoft Game Studios,1.83,0.8,0.03,0.27,2.93
491,WarioWare: Smooth Moves,Wii,2006,Puzzle,Nintendo,0.87,1.06,0.73,0.26,2.92
492,Cooking Mama: Cook Off,Wii,2007,Simulation,505 Games,1.43,1.13,0.05,0.3,2.91
493,Super Mario World 2: Yoshi's Island,GBA,2002,Platform,Nintendo,1.75,0.45,0.62,0.09,2.91
494,FIFA 14,PS4,2013,Sports,Electronic Arts,0.61,1.85,0.11,0.33,2.9
495,Titanfall,XOne,2014,Shooter,Electronic Arts,1.84,0.8,0.04,0.22,2.9
496,Sonic Mega Collection Plus,PS2,2004,Misc,Sega,1.54,1.14,0,0.22,2.9
497,Sega Superstars Tennis,X360,2008,Sports,Sega,1.75,0.86,0,0.28,2.9
498,World Soccer Winning Eleven 7 International,PS2,2003,Sports,Konami Digital Entertainment,0.08,1.24,1.13,0.45,2.9
499,Need for Speed: Most Wanted,PS3,2012,Racing,Electronic Arts,0.71,1.51,0.06,0.61,2.89
500,Hot Shots Golf 3,PS2,2001,Sports,Sony Computer Entertainment,0.99,0.32,1.38,0.2,2.89
501,Call of Duty: Finest Hour,PS2,2004,Shooter,Activision,1.51,1.12,0.01,0.24,2.89
502,Zumba Fitness 2,Wii,2011,Sports,Majesco Entertainment,1.54,1.07,0,0.28,2.88
503,Syphon Filter,PS,1999,Shooter,Sony Computer Entertainment,2.03,0.72,0.02,0.11,2.88
504,Imagine: Babyz,DS,2007,Simulation,Ubisoft,1.3,1.27,0,0.31,2.88
505,Colin McRae Rally,PS,1998,Racing,Codemasters,0.09,2.43,0.12,0.22,2.87
506,Call of Duty: Ghosts,XOne,2013,Shooter,Activision,1.87,0.77,0,0.22,2.86
507,Madden NFL 13,X360,2012,Sports,Electronic Arts,2.53,0.16,0,0.17,2.86
508,The Elder Scrolls III: Morrowind,XB,2002,Role-Playing,Ubisoft,2.09,0.63,0.03,0.11,2.86
509,Mortal Kombat,PS3,2011,Fighting,Warner Bros. Interactive Entertainment,1.98,0.55,0,0.32,2.85
510,F-Zero,SNES,1990,Racing,Nintendo,1.37,0.51,0.89,0.07,2.85
511,Yoshi's Story,N64,1997,Platform,Nintendo,1.29,0.53,0.98,0.05,2.85
512,Command & Conquer: Red Alert,PC,1996,Strategy,Virgin Interactive,1.37,1.34,0,0.14,2.85
513,Skylanders: Spyro's Adventure,Wii,2011,Action,Activision,1.4,1.14,0,0.31,2.85
514,FIFA 16,PS3,2015,Sports,Electronic Arts,0.4,1.98,0.05,0.42,2.85
515,Assassin's Creed: Brotherhood,PS3,2010,Action,Ubisoft,1.87,0.57,0.11,0.3,2.84
516,BioShock,X360,2007,Shooter,Take-Two Interactive,1.65,0.86,0.05,0.28,2.83
517,Madden NFL 10,X360,2009,Sports,Electronic Arts,2.52,0.09,0,0.22,2.83
518,Medal of Honor,PS3,2010,Shooter,Electronic Arts,1.28,1.05,0.07,0.43,2.83
519,WWE SmackDown! vs. Raw,PS2,2002,Fighting,THQ,1.32,1.08,0.04,0.39,2.83
520,Metroid Prime,GC,2002,Shooter,Nintendo,1.96,0.67,0.1,0.09,2.82
521,Finding Nemo,GBA,2003,Action,THQ,1.59,1.05,0.04,0.14,2.82
522,Myst,PC,1994,Adventure,Red Orb,0.02,2.79,0,0,2.81
523,Need for Speed: Hot Pursuit,PS3,2010,Racing,Electronic Arts,1.05,1.25,0.03,0.48,2.81
524,Imagine: Fashion Designer,DS,2007,Simulation,Ubisoft,1.32,1.19,0,0.3,2.81
525,WWE SmackDown! Here Comes the Pain,PS2,2003,Fighting,THQ,1.32,1.06,0.04,0.38,2.8
526,Star Wars: The Force Unleashed,X360,2008,Action,LucasArts,1.74,0.8,0,0.26,2.8
527,Yoshi's Island DS,DS,2006,Platform,Nintendo,1.47,0.07,1.1,0.15,2.8
528,Hot Shots Golf,PS,1997,Sports,Sony Computer Entertainment,0.29,0.2,2.13,0.18,2.79
529,Killzone 3,PS3,2011,Shooter,Sony Computer Entertainment,1.45,0.88,0.09,0.38,2.79
530,A Bug's Life,PS,1998,Platform,Sony Computer Entertainment,1.96,0.72,0,0.11,2.79
531,WWF SmackDown! Just Bring It,PS2,2001,Fighting,THQ,1.19,1.15,0.04,0.41,2.79
532,Dragon Quest V: Tenkuu no Hanayome,SNES,1992,Role-Playing,Enix Corporation,0,0,2.78,0.01,2.79
533,Mortal Kombat Trilogy,PS,1996,Fighting,GT Interactive,1.98,0.7,0,0.11,2.79
534,Battlefield 3,PC,2011,Shooter,Electronic Arts,0.89,1.43,0,0.48,2.79
535,NBA Street,PS2,2001,Sports,Electronic Arts,2.19,0.22,0,0.38,2.79
536,Professor Layton and the Last Specter,DS,2009,Puzzle,Nintendo,0.3,1.47,0.68,0.34,2.79
537,Monster Hunter Tri,3DS,2011,Role-Playing,Nintendo,0.46,0.29,1.96,0.07,2.79
538,Jak II,PS2,2003,Platform,Sony Computer Entertainment,1.68,0.74,0,0.36,2.78
539,inFAMOUS: Second Son,PS4,2014,Action,Sony Computer Entertainment,1.27,0.97,0.07,0.47,2.78
540,Ratchet & Clank: Going Commando,PS2,2003,Platform,Sony Computer Entertainment,1.44,0.83,0.26,0.25,2.78
541,Tekken 6,PS3,2009,Fighting,Namco Bandai Games,1.2,0.98,0.17,0.43,2.78
542,The Sims,PS2,2003,Simulation,Electronic Arts,1.41,1.12,0,0.24,2.77
543,Sonic and the Secret Rings,Wii,2007,Platform,Sega,1.24,1.2,0.04,0.3,2.77
544,Saints Row: The Third,X360,2011,Action,THQ,1.25,1.15,0.07,0.3,2.77
545,Missile Command,2600,1980,Shooter,Atari,2.56,0.17,0,0.03,2.76
546,Mario Paint,SNES,1992,Misc,Nintendo,1.43,0.54,0.71,0.07,2.75
547,Assassin's Creed IV: Black Flag,PS4,2013,Action,Ubisoft,1.07,1.31,0.06,0.31,2.74
548,Pokémon Stadium 2,N64,2000,Strategy,Nintendo,1.02,0.36,1.13,0.23,2.73
549,Metroid,NES,1986,Action,Nintendo,1.33,0.31,1.04,0.05,2.73
550,L.A. Noire,X360,2011,Adventure,Take-Two Interactive,1.52,0.94,0.02,0.24,2.72
551,Call of Duty 3,X360,2006,Shooter,Activision,1.49,0.93,0.02,0.27,2.71
552,The Legend of Zelda: A Link to the Past,GBA,2002,Action,Nintendo,1.75,0.52,0.33,0.1,2.7
553,Onimusha: Warlords,PS2,2001,Action,Virgin Interactive,0.99,0.48,1.09,0.14,2.7
554,Mortal Kombat X,PS4,2015,Fighting,Warner Bros. Interactive Entertainment,1.47,0.76,0,0.47,2.7
555,Mario Party,N64,1998,Misc,Nintendo,1.25,0.53,0.87,0.05,2.7
556,Madden NFL 12,X360,2011,Sports,Electronic Arts,2.42,0.11,0,0.16,2.69
557,LEGO Star Wars II: The Original Trilogy,PS2,2006,Action,LucasArts,1.85,0.64,0.01,0.19,2.69
558,Madden NFL 11,X360,2010,Sports,Electronic Arts,2.38,0.12,0,0.18,2.69
559,Mario vs. Donkey Kong: Mini-Land Mayhem!,DS,2010,Puzzle,Nintendo,1.63,0.52,0.35,0.18,2.69
560,Skate 3,X360,2010,Sports,Electronic Arts,1.46,0.98,0,0.24,2.68
561,Burnout 3: Takedown,PS2,2004,Racing,Electronic Arts,1.23,1.11,0,0.34,2.68
562,Yokai Watch 2 Shinuchi,3DS,2014,Role-Playing,Level 5,0,0,2.68,0,2.68
563,Need for Speed: Shift,PS3,2009,Racing,Electronic Arts,0.69,1.41,0.04,0.53,2.68
564,Final Fantasy XIII-2,PS3,2011,Role-Playing,Square Enix,0.78,0.75,0.89,0.26,2.68
565,Mortal Kombat,GEN,1992,Fighting,Arena Entertainment,1.95,0.63,0,0.09,2.67
566,Call Of Duty 2: Big Red One,PS2,2005,Shooter,Activision,1.48,0.92,0.01,0.26,2.67
567,Guitar Hero: World Tour,X360,2008,Misc,Activision,1.78,0.64,0,0.25,2.67
568,Medal of Honor,PS,1998,Shooter,Electronic Arts,1.44,1.09,0,0.14,2.67
569,Fable,XB,2004,Role-Playing,Microsoft Game Studios,1.99,0.58,0,0.09,2.66
570,Hannah Montana,DS,2006,Action,Disney Interactive Studios,1.59,0.8,0,0.26,2.65
571,Tom Clancy's Splinter Cell,PS2,2003,Action,Ubisoft,1.15,1.11,0,0.4,2.65
572,Skylanders Giants,Wii,2012,Action,Activision,1.56,0.88,0,0.22,2.65
573,Medal of Honor Heroes,PSP,2006,Shooter,Electronic Arts,0.86,1.11,0.01,0.66,2.65
574,Super Mario Bros.: The Lost Levels,NES,1986,Platform,Nintendo,0,0,2.65,0,2.65
575,Star Wars: Shadows of the Empire,N64,1996,Action,Nintendo,2,0.5,0.12,0.03,2.65
576,LEGO Star Wars: The Complete Saga,X360,2007,Action,LucasArts,1.53,0.87,0,0.24,2.64
577,Midnight Club: Street Racing,PS2,2000,Racing,Take-Two Interactive,2,0.47,0.02,0.14,2.63
578,Pac-Man: Adventures in Time,PSP,2006,Fighting,Sony Computer Entertainment,0.76,1.1,0.12,0.65,2.63
579,Halo Wars,X360,2009,Strategy,Microsoft Game Studios,1.53,0.82,0.04,0.24,2.63
580,God of War Collection,PS3,2009,Action,Sony Computer Entertainment,1.7,0.46,0.06,0.41,2.63
581,ESPN NFL 2K5,PS2,2004,Sports,Sega,2.15,0.12,0,0.36,2.62
582,Mario Strikers Charged,Wii,2007,Sports,Nintendo,1.07,1.06,0.24,0.25,2.62
583,Medal of Honor,X360,2010,Shooter,Electronic Arts,1.55,0.81,0.04,0.21,2.62
584,FIFA Soccer 10,X360,2009,Sports,Electronic Arts,0.59,1.79,0.01,0.23,2.62
585,NBA 2K12,X360,2011,Sports,Take-Two Interactive,2.31,0.14,0.01,0.16,2.62
586,Style Savvy,DS,2008,Simulation,Nintendo,0.63,0.84,0.96,0.19,2.61
587,Harry Potter and the Chamber of Secrets,PS2,2002,Action,Electronic Arts,0.9,1.22,0.04,0.44,2.61
588,Super Mario All-Stars: Limited Edition,Wii,2010,Platform,Nintendo,1.02,0.52,0.92,0.14,2.6
589,Streets of Rage,GEN,1990,Action,Sega,1.86,0.55,0.11,0.08,2.6
590,FIFA Soccer 09,PS3,2008,Sports,Electronic Arts,0.48,1.63,0.04,0.43,2.59
591,Ratchet & Clank Future: Tools of Destruction,PS3,2007,Platform,Sony Computer Entertainment,0.93,1.12,0.08,0.45,2.59
592,NBA Live 2005,PS2,2004,Sports,Electronic Arts,2.03,0.21,0,0.35,2.59
593,LittleBigPlanet,PSP,2009,Platform,Sony Computer Entertainment,0.64,1.24,0.01,0.69,2.58
594,Killzone: Shadow Fall,PS4,2013,Shooter,Sony Computer Entertainment,0.89,1.33,0.07,0.28,2.58
595,Ghostbusters: The Video Game (DS Version),X360,2009,Action,Take-Two Interactive,1.04,1.24,0.03,0.27,2.58
596,Monster Hunter Freedom 2,PSP,2007,Role-Playing,Capcom,0.37,0.27,1.75,0.18,2.58
597,WWE SmackDown vs. RAW 2007,PS2,2006,Fighting,THQ,1.4,0.88,0.03,0.26,2.58
598,Ratchet & Clank: Up Your Arsenal,PS2,2004,Platform,Sony Computer Entertainment,1.31,0.74,0.31,0.22,2.57
599,Art Academy,DS,2010,Misc,Nintendo,0.28,1.68,0.33,0.28,2.57
600,Dragon Age: Origins,X360,2009,Role-Playing,Electronic Arts,1.76,0.56,0.03,0.22,2.57
601,Madden NFL 08,PS2,2007,Sports,Electronic Arts,2.14,0.08,0,0.35,2.57
602,Sonic Adventure 2 Battle,GC,2001,Platform,Sega,1.7,0.59,0.21,0.07,2.56
603,Dragon Warrior II,NES,1987,Role-Playing,Enix Corporation,0.15,0,2.41,0,2.56
604,Madden NFL 13,PS3,2012,Sports,Electronic Arts,2.11,0.23,0,0.22,2.56
605,Pokémon Colosseum,GC,2003,Role-Playing,Nintendo,1.21,0.57,0.7,0.07,2.54
606,Deca Sports,Wii,2008,Sports,Konami Digital Entertainment,1.13,0.87,0.29,0.25,2.54
607,Madden NFL 09,X360,2008,Sports,Electronic Arts,2.21,0.12,0,0.2,2.54
608,Space Invaders,2600,N/A,Shooter,Atari,2.36,0.14,0,0.03,2.53
609,Crazy Taxi,PS2,2001,Racing,Acclaim Entertainment,1.13,1.12,0.06,0.22,2.52
610,Perfect Dark,N64,2000,Action,Nintendo,1.55,0.75,0.16,0.06,2.52
611,Game Party,Wii,2007,Misc,Midway Games,1.5,0.78,0,0.24,2.52
612,Dragon Warrior,NES,1986,Role-Playing,Capcom,0.49,0,0.52,1.51,2.52
613,Tomb Raider (2013),PS3,2013,Action,Square Enix,0.6,1.31,0.08,0.52,2.51
614,Marvel: Ultimate Alliance,X360,2006,Role-Playing,Activision,2.29,0.02,0,0.19,2.5
615,PES 2009: Pro Evolution Soccer,PS2,2008,Sports,Konami Digital Entertainment,0.13,0.07,0.26,2.05,2.5
616,Mario Party 2,N64,1999,Misc,Nintendo,1.28,0.14,1.08,0.01,2.5
617,Saints Row: The Third,PS3,2011,Action,THQ,0.86,1.06,0.18,0.39,2.49
618,Rockstar Games Double Pack: Grand Theft Auto III & Grand Theft Auto Vice City,XB,2003,Action,Take-Two Interactive,1.84,0.56,0,0.09,2.49
619,LEGO Harry Potter: Years 1-4,Wii,2010,Action,Warner Bros. Interactive Entertainment,1.29,0.97,0,0.23,2.49
620,Mortal Kombat: Deadly Alliance,PS2,2002,Fighting,Midway Games,1.81,0.52,0,0.15,2.49
621,Resistance 2,PS3,2008,Shooter,Sony Computer Entertainment,1.15,0.85,0.1,0.39,2.48
622,Pure,X360,2008,Racing,Disney Interactive Studios,1.38,0.85,0,0.25,2.48
623,Tomb Raider: The Last Revelation,PS,1998,Action,Eidos Interactive,1.15,1.14,0.06,0.13,2.48
624,NBA 2K13,PS3,2012,Sports,Take-Two Interactive,1.72,0.44,0.05,0.27,2.48
625,Rock Band,X360,N/A,Misc,Electronic Arts,1.93,0.34,0,0.21,2.48
626,NBA 2K14,X360,2013,Sports,Take-Two Interactive,2.1,0.2,0,0.17,2.47
627,Mario Party 4,GC,2002,Misc,Nintendo,1.13,0.36,0.92,0.07,2.47
628,uDraw Studio,Wii,2010,Misc,THQ,1.67,0.58,0,0.2,2.46
629,Midnight Club: Los Angeles,PS3,2008,Racing,Take-Two Interactive,1.55,0.54,0.05,0.31,2.45
630,Final Fantasy V,SNES,1992,Role-Playing,SquareSoft,0,0,2.43,0.02,2.45
631,Final Fantasy Tactics,PS,1997,Role-Playing,SquareSoft,0.93,0.12,1.34,0.06,2.45
632,Twisted Metal 2,PS,1996,Racing,Sony Computer Entertainment,2.12,0.25,0,0.07,2.44
633,Halo: Combat Evolved Anniversary,X360,2011,Shooter,Microsoft Game Studios,1.44,0.73,0.04,0.22,2.44
634,Need for Speed Carbon: Own the City,PSP,2006,Racing,Electronic Arts,0.87,0.98,0,0.59,2.44
635,The Sims: Bustin' Out,PS2,2003,Simulation,Electronic Arts,1.07,1.19,0,0.18,2.43
636,Riven: The Sequel to Myst,PC,1997,Adventure,Red Orb,1.52,0.82,0,0.1,2.43
637,Tom Clancy's Rainbow Six: Vegas 2,X360,2008,Shooter,Ubisoft,1.56,0.61,0.02,0.23,2.42
638,Sonic Adventure,DC,1998,Platform,Sega,1.26,0.61,0.46,0.08,2.42
639,Ice Hockey,NES,1988,Sports,Nintendo,1.27,0.32,0.78,0.05,2.42
640,pro evolution soccer 2011,PS3,2010,Sports,Konami Digital Entertainment,0.29,1.18,0.54,0.41,2.42
641,Dragon Ball Z: Budokai 2,PS2,2003,Fighting,Atari,1.63,0.22,0.51,0.06,2.41
642,ATV Offroad Fury,PS2,2001,Racing,Sony Computer Entertainment,2.07,0.26,0,0.08,2.41
643,Dino Crisis,PS,1998,Action,Capcom,0.81,0.76,0.7,0.14,2.41
644,Minecraft,XOne,2014,Misc,Microsoft Game Studios,1.43,0.76,0,0.22,2.41
645,Need for Speed: ProStreet,PS2,2007,Racing,Electronic Arts,0.69,0,0.04,1.68,2.41
646,Madden NFL 16,XOne,2015,Sports,Electronic Arts,2.07,0.08,0,0.26,2.4
647,Tetris Plus,PS,1996,Puzzle,JVC,2.1,0.24,0,0.07,2.4
648,Pro Wrestling,NES,1987,Fighting,Nintendo,0.77,0.18,1.42,0.03,2.4
649,Theme Hospital,PC,1997,Strategy,Electronic Arts,2.3,0.1,0,0,2.4
650,Frogger's Adventures: Temple of the Frog,GBA,N/A,Adventure,Konami Digital Entertainment,2.15,0.18,0,0.07,2.39
651,Need for Speed (2015),PS4,2015,Racing,Electronic Arts,0.49,1.49,0.05,0.36,2.39
652,Zumba Fitness,X360,2010,Sports,505 Games,1.74,0.48,0,0.18,2.39
653,LEGO Indiana Jones: The Original Adventures,Wii,N/A,Action,LucasArts,1.54,0.63,0,0.22,2.39
655,Monopoly,PC,1994,Misc,Hasbro Interactive,1.49,0.81,0,0.1,2.39
656,Batman: Arkham Origins,PS3,2013,Action,Warner Bros. Interactive Entertainment,1.07,0.87,0.04,0.4,2.39
657,Dead Island,X360,2011,Action,Deep Silver,1.48,0.71,0,0.2,2.39
658,Guitar Hero,PS2,2005,Misc,RedOctane,1.67,0.61,0.03,0.07,2.38
659,LEGO Star Wars: The Complete Saga,PS3,2007,Action,LucasArts,1.02,0.97,0,0.39,2.38
660,Kinect: Disneyland Adventures,X360,2011,Misc,Microsoft Game Studios,1.73,0.46,0.02,0.18,2.38
661,WCW/nWo Revenge,N64,1998,Fighting,THQ,1.94,0.39,0.03,0.02,2.38
662,Bloodborne,PS4,2015,Action,Sony Computer Entertainment,1,0.76,0.26,0.36,2.38
663,NBA 2K15,PS4,2014,Sports,Take-Two Interactive,1.46,0.54,0.01,0.37,2.38
664,Madden NFL 11,PS3,2010,Sports,Electronic Arts,2.04,0.15,0,0.19,2.38
665,Yu-Gi-Oh! The Duelists of the Roses,PS2,2001,Misc,Konami Digital Entertainment,1.16,0.91,0,0.3,2.38
666,Madden NFL 08,X360,2007,Sports,Electronic Arts,2.18,0.01,0,0.18,2.37
667,Half-Life 2,PC,2004,Shooter,Vivendi Games,2.28,0.02,0.08,0,2.37
668,The Incredibles,PS2,2004,Action,THQ,0.96,1.08,0.04,0.3,2.37
669,Tony Hawk's Underground 2,PS2,2004,Sports,Activision,1.25,0.86,0.01,0.26,2.37
670,Madden NFL 10,PS3,2009,Sports,Electronic Arts,2.03,0.13,0,0.21,2.37
671,Kinect Sports: Season Two,X360,2011,Sports,Microsoft Game Studios,1.38,0.74,0.02,0.22,2.36
672,Kirby's Dream Land 2,GB,1995,Platform,Nintendo,0.69,0.14,1.48,0.05,2.36
673,LEGO Harry Potter: Years 1-4,DS,2010,Action,Warner Bros. Interactive Entertainment,1.07,1.05,0,0.23,2.35
674,Donkey Kong Land II,GB,1996,Platform,Nintendo,1.39,0.48,0.4,0.08,2.35
675,Dragon Warrior Monsters,GB,1998,Role-Playing,Eidos Interactive,0,0,2.34,0.01,2.35
676,Midnight Club: Los Angeles,X360,2008,Racing,Take-Two Interactive,1.68,0.46,0.01,0.2,2.35
677,Skylanders SWAP Force,Wii,2013,Platform,Activision,1.32,0.83,0,0.2,2.34
678,WWE SmackDown vs Raw 2008,PS2,2007,Fighting,THQ,0.92,0,0.01,1.41,2.34
679,My Fitness Coach,Wii,2008,Sports,Ubisoft,1.2,0.9,0,0.24,2.34
680,Resident Evil - Code: Veronica X,PS2,2001,Action,Capcom,1.08,0.7,0.34,0.21,2.34
681,The Sims 3,X360,2010,Simulation,Electronic Arts,1.27,0.86,0,0.2,2.33
682,The Legend of Zelda: Majora's Mask 3D,3DS,2015,Action,Nintendo,1.14,0.54,0.47,0.17,2.32
683,NBA 2K16,XOne,2015,Sports,Take-Two Interactive,1.93,0.14,0,0.24,2.32
684,Just Dance Kids,Wii,2010,Misc,Ubisoft,1.57,0.56,0,0.19,2.32
685,Mario Tennis,N64,2000,Sports,Nintendo,0.78,0.4,1.06,0.07,2.32
686,Grand Theft Auto,PS,1997,Action,Take-Two Interactive,0.79,1.35,0.04,0.14,2.32
687,James Bond 007: Everything or Nothing,PS2,2004,Shooter,Electronic Arts,0.85,1.06,0.09,0.32,2.31
688,WarioWare Touched!,DS,2004,Puzzle,Nintendo,0.52,0.45,1.21,0.13,2.31
689,Need For Speed: High Stakes,PS,1999,Racing,Electronic Arts,1.58,0.64,0,0.09,2.31
690,Chrono Trigger,SNES,1995,Role-Playing,SquareSoft,0.28,0,2.02,0.01,2.31
691,Cool Boarders 3,PS,1998,Sports,989 Studios,1.65,0.46,0.1,0.1,2.31
692,LEGO Marvel Super Heroes,X360,2013,Action,Warner Bros. Interactive Entertainment,1.24,0.85,0,0.21,2.3
693,Guild Wars 2,PC,2012,Action,NCSoft,0.95,1.06,0,0.29,2.3
694,Pokemon Ranger: Shadows of Almia,DS,2008,Role-Playing,Nintendo,0.95,0.54,0.62,0.18,2.3
695,Dead Island,PS3,2011,Action,Deep Silver,1.08,0.75,0.15,0.31,2.29
696,Tomb Raider II,PC,1997,Action,Eidos Interactive,0.91,1.25,0,0.13,2.29
697,God of War: Ascension,PS3,2013,Action,Sony Computer Entertainment,1.23,0.68,0.04,0.34,2.29
698,Need for Speed Underground 2,XB,2004,Racing,Electronic Arts,1.38,0.8,0,0.1,2.28
699,Pro Evolution Soccer 2010,PS3,2009,Sports,Konami Digital Entertainment,0.3,1.27,0.46,0.26,2.28
700,Just Dance 2015,Wii,2014,Misc,Ubisoft,1.11,0.98,0,0.2,2.28
701,Yokai Watch Busters,3DS,2015,Action,Level 5,0,0,2.28,0,2.28
702,Mario Bros.,NES,1983,Platform,Nintendo,0.51,0.12,1.63,0.02,2.28
703,FIFA Soccer 09,PS2,2008,Sports,Electronic Arts,0.38,0.07,0.01,1.82,2.28
704,Star Wars: The Force Unleashed,PS3,2008,Action,LucasArts,1.01,0.9,0,0.37,2.28
705,Borderlands 2,PS3,2012,Shooter,Take-Two Interactive,1.05,0.77,0.1,0.36,2.28
706,TOCA Touring Car Championship,PS,1997,Racing,Codemasters,0.07,2,0.02,0.18,2.28
707,Paper Mario: Sticker Star,3DS,2012,Role-Playing,Nintendo,1.12,0.39,0.64,0.12,2.27
708,Sonic's Ultimate Genesis Collection,PS3,2009,Misc,Sega,1.34,0.62,0,0.31,2.27
709,Super Monkey Ball: Banana Blitz,Wii,2006,Misc,Sega,1.07,0.92,0.04,0.24,2.27
710,Kirby: Nightmare in Dream Land,GBA,2002,Platform,Nintendo,1.22,0.1,0.91,0.04,2.27
711,Wario Land 4,GBA,2001,Platform,Nintendo,0.9,0.73,0.54,0.09,2.26
712,Guitar Hero III: Legends of Rock,PS3,2007,Misc,Activision,1.4,0.54,0.02,0.3,2.26
713,Call of Duty 3,Wii,N/A,Shooter,Activision,1.19,0.84,0,0.23,2.26
714,Resident Evil 4,Wii,2007,Action,Capcom,1.34,0.57,0.14,0.21,2.26
715,Minecraft,PSV,2014,Misc,Sony Computer Entertainment Europe,0.28,0.79,0.87,0.32,2.25
716,Onimusha 2: Samurai's Destiny,PS2,2002,Adventure,Capcom,0.62,0.44,1.06,0.13,2.25
717,Cool Boarders 2,PS,1997,Sports,UEP Systems,1.52,0.46,0.2,0.08,2.25
718,Paper Mario: The Thousand-Year Door,GC,2004,Role-Playing,Nintendo,1.48,0.25,0.46,0.06,2.25
719,Madden NFL 12,PS3,2011,Sports,Electronic Arts,1.93,0.15,0,0.17,2.25
720,Monster Hunter Tri,Wii,2009,Role-Playing,Nintendo,0.67,0.41,1.05,0.11,2.25
721,Dissidia: Final Fantasy,PSP,2008,Fighting,Square Enix,0.51,0.51,0.91,0.32,2.25
722,Sonic Advance,GBA,2001,Platform,Sega,1.19,0.71,0.22,0.13,2.24
723,Spyro: Season of Ice,GBA,2001,Platform,Vivendi Games,1.29,0.83,0,0.11,2.23
724,Teenage Mutant Ninja Turtles II: The Arcade Game,NES,1990,Action,Konami Digital Entertainment,1.74,0.25,0.21,0.03,2.23
725,LEGO Indiana Jones: The Original Adventures,DS,2008,Action,Activision,1.42,0.61,0,0.21,2.23
726,Dance Dance Revolution X2,PS2,2009,Simulation,Konami Digital Entertainment,1.09,0.85,0,0.28,2.23
727,New Super Luigi U,WiiU,2013,Platform,Nintendo,1.27,0.62,0.18,0.16,2.22
728,Prince of Persia: The Sands of Time,PS2,2003,Action,Ubisoft,0.88,1.03,0,0.31,2.22
729,Scribblenauts,DS,2009,Puzzle,Warner Bros. Interactive Entertainment,1.71,0.32,0.02,0.18,2.22
730,The Legend of Zelda: Link's Awakening DX,GB,1998,Adventure,Nintendo,1,0.63,0.45,0.13,2.22
731,Need for Speed: Hot Pursuit,X360,2010,Racing,Electronic Arts,1.03,0.98,0,0.21,2.22
732,BioShock 2,X360,2010,Shooter,Take-Two Interactive,1.45,0.55,0.02,0.19,2.21
733,Assassin's Creed IV: Black Flag,XOne,2013,Action,Ubisoft,1.47,0.55,0,0.19,2.21
253,Need for Speed: Most Wanted,PS2,2005,Racing,Electronic Arts,2.03,1.79,0.08,0.47,4.37
790,Need for Speed: Most Wanted 5-1-0,PSP,2005,Racing,Electronic Arts,1.77,0.13,0.02,0.18,2.1
1175,Need for Speed: Most Wanted,X360,2012,Racing,Electronic Arts,0.62,0.8,0.01,0.15,1.58
1532,Need for Speed: Most Wanted,X360,2005,Racing,Electronic Arts,1,0.17,0.02,0.1,1.29
1744,Need for Speed: Most Wanted,PSV,2012,Racing,Electronic Arts,0.38,0.52,0.01,0.25,1.16
11678,Need for Speed: Most Wanted,PC,2012,Racing,Electronic Arts,0,0.06,0,0.02,0.08
5902,Need for Speed: Most Wanted,PC,2005,Racing,Electronic Arts,0.02,0.23,0,0.05,0.3
180,Madden NFL 2004,PS2,N/A,Sports,Electronic Arts,4.26,0.26,0.01,0.71,5.23
1883,Madden NFL 2004,XB,2003,Sports,Electronic Arts,1.02,0.02,0,0.05,1.09
3898,Madden NFL 2004,GC,2003,Sports,Electronic Arts,0.4,0.1,0,0.01,0.51
5714,Madden NFL 2004,GBA,2003,Sports,Electronic Arts,0.22,0.08,0,0.01,0.31
432,LEGO Batman: The Videogame,Wii,N/A,Action,Warner Bros. Interactive Entertainment,1.86,1.02,0,0.29,3.17
471,wwe Smackdown vs. Raw 2006,PS2,N/A,Fighting,N/A,1.57,1.02,0,0.41,3
54,Super Mario 3D Land,3DS,2011,Platform,Nintendo,4.89,2.99,2.13,0.78,10.79
55,Gran Turismo 5,PS3,2010,Racing,Sony Computer Entertainment,2.96,4.88,0.81,2.12,10.77
56,Call of Duty: Modern Warfare 2,PS3,2009,Shooter,Activision,4.99,3.69,0.38,1.63,10.69
3436,FIFA Soccer 10,DS,2009,Sports,Electronic Arts,0.14,0.37,0,0.07,0.59